Date,MissileName,MissileFamily,Propulsion,Country
1998-04-06,Ghauri,MRBM,Liquid,Pakistan
1999-04-14,Ghauri,MRBM,Liquid,Pakistan
1999-04-15,Shaheen 1,SRBM,Solid,Pakistan
2000-02-07,Hatf 1,TBM,Solid,Pakistan
2002-05-25,Ghauri,MRBM,Liquid,Pakistan
2002-05-26,Ghaznavi,SRBM,Solid,Pakistan
2002-05-28,Abdali,SRBM,Solid,Pakistan
2002-10-04,Shaheen 1,SRBM,Solid,Pakistan
2002-10-08,Shaheen 1,SRBM,Solid,Pakistan
2003-03-26,Abdali,SRBM,Solid,Pakistan
2003-10-03,Ghaznavi,SRBM,Solid,Pakistan
2003-10-08,Shaheen 1,SRBM,Solid,Pakistan
2003-10-14,Shaheen 1,SRBM,Solid,Pakistan
2004-03-09,Shaheen 2,MRBM,Solid,Pakistan
2004-05-29,Ghauri,MRBM,Liquid,Pakistan
2004-06-04,Ghauri,MRBM,Liquid,Pakistan
2004-10-12,Ghauri,MRBM,Liquid,Pakistan
2004-11-29,Ghaznavi,SRBM,Solid,Pakistan
2004-12-08,Shaheen 1,SRBM,Solid,Pakistan
2005-03-19,Shaheen 2,MRBM,Solid,Pakistan
2005-03-31,Abdali,SRBM,Solid,Pakistan
2006-02-19,Abdali,SRBM,Solid,Pakistan
2006-04-29,Shaheen 2,MRBM,Solid,Pakistan
2006-11-16,Ghauri,MRBM,Liquid,Pakistan
2006-11-29,Shaheen 1,SRBM,Solid,Pakistan
2006-12-09,Ghaznavi,SRBM,Solid,Pakistan
